{
  "Total" : {
    "transaction" : "Total",
    "sampleCount" : 20,
    "errorCount" : 0,
    "errorPct" : 0.0,
    "meanResTime" : 602.45,
    "medianResTime" : 571.5,
    "minResTime" : 191.0,
    "maxResTime" : 1323.0,
    "pct1ResTime" : 1231.6000000000001,
    "pct2ResTime" : 1318.6499999999999,
    "pct3ResTime" : 1323.0,
    "throughput" : 3.7181632273656815,
    "receivedKBytesPerSec" : 1.7755681818181819,
    "sentKBytesPerSec" : 0.42119817810001864
  },
  "HTTP Request" : {
    "transaction" : "HTTP Request",
    "sampleCount" : 20,
    "errorCount" : 0,
    "errorPct" : 0.0,
    "meanResTime" : 602.45,
    "medianResTime" : 571.5,
    "minResTime" : 191.0,
    "maxResTime" : 1323.0,
    "pct1ResTime" : 1231.6000000000001,
    "pct2ResTime" : 1318.6499999999999,
    "pct3ResTime" : 1323.0,
    "throughput" : 3.7181632273656815,
    "receivedKBytesPerSec" : 1.7755681818181819,
    "sentKBytesPerSec" : 0.42119817810001864
  }
}