{
  "Total" : {
    "transaction" : "Total",
    "sampleCount" : 250,
    "errorCount" : 1,
    "errorPct" : 0.4,
    "meanResTime" : 411.496,
    "medianResTime" : 203.0,
    "minResTime" : 186.0,
    "maxResTime" : 10942.0,
    "pct1ResTime" : 808.9,
    "pct2ResTime" : 979.7499999999998,
    "pct3ResTime" : 1227.6700000000008,
    "throughput" : 9.993204620857817,
    "receivedKBytesPerSec" : 4.763869943438462,
    "sentKBytesPerSec" : 1.1320427109565496
  },
  "HTTP Request" : {
    "transaction" : "HTTP Request",
    "sampleCount" : 250,
    "errorCount" : 1,
    "errorPct" : 0.4,
    "meanResTime" : 411.496,
    "medianResTime" : 203.0,
    "minResTime" : 186.0,
    "maxResTime" : 10942.0,
    "pct1ResTime" : 808.9,
    "pct2ResTime" : 979.7499999999998,
    "pct3ResTime" : 1227.6700000000008,
    "throughput" : 9.993204620857817,
    "receivedKBytesPerSec" : 4.763869943438462,
    "sentKBytesPerSec" : 1.1320427109565496
  }
}