{
  "HTTP Request-1" : {
    "transaction" : "HTTP Request-1",
    "sampleCount" : 250,
    "errorCount" : 0,
    "errorPct" : 0.0,
    "meanResTime" : 294.416,
    "medianResTime" : 211.0,
    "minResTime" : 200.0,
    "maxResTime" : 679.0,
    "pct1ResTime" : 632.8,
    "pct2ResTime" : 649.9,
    "pct3ResTime" : 672.96,
    "throughput" : 12.345679012345679,
    "receivedKBytesPerSec" : 42.040412808641975,
    "sentKBytesPerSec" : 1.4949845679012346
  },
  "Total" : {
    "transaction" : "Total",
    "sampleCount" : 750,
    "errorCount" : 0,
    "errorPct" : 0.0,
    "meanResTime" : 205.84133333333293,
    "medianResTime" : 210.0,
    "minResTime" : 4.0,
    "maxResTime" : 1382.0,
    "pct1ResTime" : 626.9,
    "pct2ResTime" : 651.0,
    "pct3ResTime" : 681.0,
    "throughput" : 35.78756501407644,
    "receivedKBytesPerSec" : 90.19118761034498,
    "sentKBytesPerSec" : 5.49861024955862
  },
  "HTTP Request-0" : {
    "transaction" : "HTTP Request-0",
    "sampleCount" : 250,
    "errorCount" : 0,
    "errorPct" : 0.0,
    "meanResTime" : 14.164000000000001,
    "medianResTime" : 6.0,
    "minResTime" : 4.0,
    "maxResTime" : 705.0,
    "pct1ResTime" : 21.0,
    "pct2ResTime" : 24.0,
    "pct3ResTime" : 275.98000000000366,
    "throughput" : 12.051677593521017,
    "receivedKBytesPerSec" : 4.519379097570382,
    "sentKBytesPerSec" : 1.3181522367913614
  },
  "HTTP Request" : {
    "transaction" : "HTTP Request",
    "sampleCount" : 250,
    "errorCount" : 0,
    "errorPct" : 0.0,
    "meanResTime" : 308.9439999999999,
    "medianResTime" : 218.0,
    "minResTime" : 206.0,
    "maxResTime" : 1382.0,
    "pct1ResTime" : 651.9,
    "pct2ResTime" : 673.3499999999999,
    "pct3ResTime" : 953.8800000000037,
    "throughput" : 11.929188338025481,
    "receivedKBytesPerSec" : 45.09559380517249,
    "sentKBytesPerSec" : 2.74930512477931
  }
}