{
  "GET example.com" : {
    "transaction" : "GET example.com",
    "sampleCount" : 480,
    "errorCount" : 0,
    "errorPct" : 0.0,
    "meanResTime" : 14.939583333333335,
    "medianResTime" : 9.0,
    "minResTime" : 6.0,
    "maxResTime" : 481.0,
    "pct1ResTime" : 26.0,
    "pct2ResTime" : 29.0,
    "pct3ResTime" : 40.379999999999995,
    "throughput" : 14.061813388018164,
    "receivedKBytesPerSec" : 11.568381975977736,
    "sentKBytesPerSec" : 1.5517430789512232
  },
  "Total" : {
    "transaction" : "Total",
    "sampleCount" : 480,
    "errorCount" : 0,
    "errorPct" : 0.0,
    "meanResTime" : 14.939583333333335,
    "medianResTime" : 9.0,
    "minResTime" : 6.0,
    "maxResTime" : 481.0,
    "pct1ResTime" : 26.0,
    "pct2ResTime" : 29.0,
    "pct3ResTime" : 40.379999999999995,
    "throughput" : 14.061813388018164,
    "receivedKBytesPerSec" : 11.568381975977736,
    "sentKBytesPerSec" : 1.5517430789512232
  }
}