{
  "Total" : {
    "transaction" : "Total",
    "sampleCount" : 20,
    "errorCount" : 0,
    "errorPct" : 0.0,
    "meanResTime" : 504.30000000000007,
    "medianResTime" : 485.0,
    "minResTime" : 187.0,
    "maxResTime" : 1146.0,
    "pct1ResTime" : 799.8,
    "pct2ResTime" : 1128.6999999999998,
    "pct3ResTime" : 1146.0,
    "throughput" : 3.766478342749529,
    "receivedKBytesPerSec" : 1.798640536723164,
    "sentKBytesPerSec" : 0.42667137476459516
  },
  "HTTP Request" : {
    "transaction" : "HTTP Request",
    "sampleCount" : 20,
    "errorCount" : 0,
    "errorPct" : 0.0,
    "meanResTime" : 504.30000000000007,
    "medianResTime" : 485.0,
    "minResTime" : 187.0,
    "maxResTime" : 1146.0,
    "pct1ResTime" : 799.8,
    "pct2ResTime" : 1128.6999999999998,
    "pct3ResTime" : 1146.0,
    "throughput" : 3.766478342749529,
    "receivedKBytesPerSec" : 1.798640536723164,
    "sentKBytesPerSec" : 0.42667137476459516
  }
}