{
  "HTTP Request-1" : {
    "transaction" : "HTTP Request-1",
    "sampleCount" : 250,
    "errorCount" : 0,
    "errorPct" : 0.0,
    "meanResTime" : 294.39200000000005,
    "medianResTime" : 211.0,
    "minResTime" : 200.0,
    "maxResTime" : 705.0,
    "pct1ResTime" : 631.8,
    "pct2ResTime" : 645.8,
    "pct3ResTime" : 683.6600000000003,
    "throughput" : 12.298307752853209,
    "receivedKBytesPerSec" : 41.879100716991346,
    "sentKBytesPerSec" : 1.489248204447068
  },
  "Total" : {
    "transaction" : "Total",
    "sampleCount" : 750,
    "errorCount" : 0,
    "errorPct" : 0.0,
    "meanResTime" : 205.1359999999999,
    "medianResTime" : 210.0,
    "minResTime" : 4.0,
    "maxResTime" : 1277.0,
    "pct1ResTime" : 628.0,
    "pct2ResTime" : 650.4499999999999,
    "pct3ResTime" : 689.9000000000001,
    "throughput" : 35.88516746411483,
    "receivedKBytesPerSec" : 90.43716357655504,
    "sentKBytesPerSec" : 5.513606459330144
  },
  "HTTP Request-0" : {
    "transaction" : "HTTP Request-0",
    "sampleCount" : 250,
    "errorCount" : 0,
    "errorPct" : 0.0,
    "meanResTime" : 13.172000000000006,
    "medianResTime" : 6.0,
    "minResTime" : 4.0,
    "maxResTime" : 572.0,
    "pct1ResTime" : 21.0,
    "pct2ResTime" : 25.0,
    "pct3ResTime" : 218.210000000003,
    "throughput" : 12.08430007733952,
    "receivedKBytesPerSec" : 4.53161252900232,
    "sentKBytesPerSec" : 1.32172032095901
  },
  "HTTP Request" : {
    "transaction" : "HTTP Request",
    "sampleCount" : 250,
    "errorCount" : 0,
    "errorPct" : 0.0,
    "meanResTime" : 307.8440000000001,
    "medianResTime" : 218.0,
    "minResTime" : 206.0,
    "maxResTime" : 1277.0,
    "pct1ResTime" : 653.0,
    "pct2ResTime" : 670.45,
    "pct3ResTime" : 892.1200000000035,
    "throughput" : 11.961722488038278,
    "receivedKBytesPerSec" : 45.21858178827752,
    "sentKBytesPerSec" : 2.756803229665072
  }
}