{
  "GET /get" : {
    "transaction" : "GET /get",
    "sampleCount" : 60,
    "errorCount" : 0,
    "errorPct" : 0.0,
    "meanResTime" : 489.95000000000005,
    "medianResTime" : 269.0,
    "minResTime" : 187.0,
    "maxResTime" : 1420.0,
    "pct1ResTime" : 950.9,
    "pct2ResTime" : 1197.45,
    "pct3ResTime" : 1420.0,
    "throughput" : 1.6613595458950574,
    "receivedKBytesPerSec" : 0.7933640800221514,
    "sentKBytesPerSec" : 0.18820088605842447
  },
  "Total" : {
    "transaction" : "Total",
    "sampleCount" : 180,
    "errorCount" : 2,
    "errorPct" : 1.1111112,
    "meanResTime" : 1923.7166666666672,
    "medianResTime" : 1247.5,
    "minResTime" : 187.0,
    "maxResTime" : 19625.0,
    "pct1ResTime" : 3369.7,
    "pct2ResTime" : 3593.8,
    "pct3ResTime" : 19343.12,
    "throughput" : 4.4425796579213666,
    "receivedKBytesPerSec" : 2.253490818668707,
    "sentKBytesPerSec" : 0.514830194733075
  },
  "GET /delay/3" : {
    "transaction" : "GET /delay/3",
    "sampleCount" : 60,
    "errorCount" : 0,
    "errorPct" : 0.0,
    "meanResTime" : 3580.6166666666663,
    "medianResTime" : 3230.5,
    "minResTime" : 3188.0,
    "maxResTime" : 19625.0,
    "pct1ResTime" : 3657.9,
    "pct2ResTime" : 3755.35,
    "pct3ResTime" : 19625.0,
    "throughput" : 1.5856236786469344,
    "receivedKBytesPerSec" : 0.8346202761627907,
    "sentKBytesPerSec" : 0.18581527484143762
  },
  "GET /delay/1" : {
    "transaction" : "GET /delay/1",
    "sampleCount" : 60,
    "errorCount" : 2,
    "errorPct" : 3.3333333,
    "meanResTime" : 1700.5833333333335,
    "medianResTime" : 1239.5,
    "minResTime" : 1191.0,
    "maxResTime" : 19277.0,
    "pct1ResTime" : 1534.1,
    "pct2ResTime" : 1867.3999999999992,
    "pct3ResTime" : 19277.0,
    "throughput" : 1.671635137770596,
    "receivedKBytesPerSec" : 0.8656371019418828,
    "sentKBytesPerSec" : 0.19589474270749171
  }
}