{
  "Total" : {
    "transaction" : "Total",
    "sampleCount" : 250,
    "errorCount" : 0,
    "errorPct" : 0.0,
    "meanResTime" : 424.1520000000001,
    "medianResTime" : 208.0,
    "minResTime" : 185.0,
    "maxResTime" : 1986.0,
    "pct1ResTime" : 894.9000000000001,
    "pct2ResTime" : 1073.6999999999998,
    "pct3ResTime" : 1811.5600000000013,
    "throughput" : 11.723879197148753,
    "receivedKBytesPerSec" : 5.598610280669668,
    "sentKBytesPerSec" : 1.3280956903020071
  },
  "HTTP Request" : {
    "transaction" : "HTTP Request",
    "sampleCount" : 250,
    "errorCount" : 0,
    "errorPct" : 0.0,
    "meanResTime" : 424.1520000000001,
    "medianResTime" : 208.0,
    "minResTime" : 185.0,
    "maxResTime" : 1986.0,
    "pct1ResTime" : 894.9000000000001,
    "pct2ResTime" : 1073.6999999999998,
    "pct3ResTime" : 1811.5600000000013,
    "throughput" : 11.723879197148753,
    "receivedKBytesPerSec" : 5.598610280669668,
    "sentKBytesPerSec" : 1.3280956903020071
  }
}